setup_id,created_ts,updated_ts,reference_ts,resolved_ts,symbol,strategy,side,status,activation_status,trade_lifecycle,resolution_status,breakout_context,pullback_quality,risk_quality,reward_quality,quality_score,quality_grade,ideal_entry,activated_ts,activated_price,entry_price,invalidation,tp1,tp2,exit_price,tp1_hit,tp1_hit_ts,tp1_price,realized_return_pct,realized_r_multiple,outcome_r_multiple_proxy,consistency_flag,bars_observed,trend_state,trend_regime,immediate_slope,is_extended_move,active_leg_boxes,reason,reject_reason,resolution_note
f4b6518e9d0a979b7b51455c98ed2a031396e009,1772958239999,1772965439999,1772958239999,1772965439999,MEXC_FUT:ENAUSDT,pullback_retest,LONG,CANDIDATE,ACTIVE,ACTIVATED_TP2,TP2,POST_BREAKOUT_PULLBACK,HEALTHY,NORMAL,OK,90.0,A,0.09925,1772958299999,0.09925,0.09925,0.09875,0.10025,0.10075,0.10075,1,1772959439999.0,0.1,1.5113350125944598,3.0,3.0,OK,120,BULLISH,BULLISH_REGIME,BEARISH_PULLBACK,0,2,Bullish pullback near support with acceptable close-confirmed risk profile,,tp2_hit_after_tp1
63bd31741259757f21495fb03276188645295b1d,1772966519999,1772972039999,1772966519999,1772972039999,MEXC_FUT:ENAUSDT,pullback_retest,LONG,CANDIDATE,ACTIVE,ACTIVATED_STOPPED,STOPPED,POST_BREAKOUT_PULLBACK,HEALTHY,NORMAL,OK,80.0,A,0.0995,1772971799999,0.0995,0.0995,0.099,0.1005,0.101,0.099,0,,,-0.5025125628140708,-1.0,-1.0,OK,92,BULLISH,BULLISH_REGIME,BEARISH_PULLBACK,0,2,Bullish pullback near support with acceptable close-confirmed risk profile,,stop_hit_before_tp1
239b2e4d9ba345443837ec2bd9f112aa7cab5e27,1772971799999,1772975699999,1772971799999,1772975699999,MEXC_FUT:TAOUSDT,pullback_retest,LONG,CANDIDATE,ACTIVE,ACTIVATED_TP1_PARTIAL_THEN_BE,TP1_PARTIAL_THEN_BE,POST_BREAKOUT_PULLBACK,HEALTHY,TIGHT,OK,100.0,A,175.0,1772972159999,175.0,175.0,173.0,179.0,181.0,175.035,1,1772972939999.0,178.0,0.01999999999999805,0.017499999999998295,1.0,OK,65,BULLISH,BULLISH_REGIME,BEARISH_PULLBACK,0,2,Bullish pullback near support with acceptable close-confirmed risk profile,,tp1_partial_then_breakeven
8ecaf3a6491029856dc72fef4f6fd8420d204b2d,1772975639999,1772976359999,1772975639999,1772976359999,MEXC_FUT:BTCUSDT,pullback_retest,LONG,CANDIDATE,ACTIVE,ACTIVATED_STOPPED,STOPPED,POST_BREAKOUT_PULLBACK,HEALTHY,TIGHT,OK,100.0,A,67000.0,1772975699999,67000.0,67000.0,66800.0,67400.0,67600.0,66800.0,0,,,-0.2985074626865672,-1.0,-1.0,OK,12,BULLISH,BULLISH_REGIME,BEARISH_PULLBACK,0,2,Bullish pullback near support with acceptable close-confirmed risk profile,,stop_hit_before_tp1
a750a4fc9b9c60b3e782bc0464ca2847daf262f5,1772987579999,1772987759999,1772987579999,1772987759999,MEXC_FUT:BTCUSDT,pullback_retest,LONG,CANDIDATE,ACTIVE,ACTIVATED_STOPPED,STOPPED,POST_BREAKOUT_PULLBACK,HEALTHY,TIGHT,OK,100.0,A,67000.0,1772987639999,67000.0,67000.0,66800.0,67400.0,67600.0,66800.0,0,,,-0.2985074626865672,-1.0,-1.0,OK,3,BULLISH,BULLISH_REGIME,BEARISH_PULLBACK,0,2,Bullish pullback near support with acceptable close-confirmed risk profile,,stop_hit_before_tp1
47e1fdb49b2f34248cb021d7c00a2323320cebf0,1772980679999,1772997059999,1772980679999,1772997059999,MEXC_FUT:TAOUSDT,pullback_retest,SHORT,CANDIDATE,ACTIVE,ACTIVATED_STOPPED,STOPPED,POST_BREAKOUT_PULLBACK,HEALTHY,NORMAL,OK,90.0,A,175.0,1772980739999,175.0,175.0,179.0,167.0,163.0,179.0,0,,,-2.2857142857142856,-1.0,-1.0,OK,273,BULLISH,BULLISH_REGIME,BEARISH_PULLBACK,0,2,Failed bullish move / reversal short near resistance with acceptable risk profile,,stop_hit_before_tp1
dde145b5e0f88811dbf0e464ba27e0c44b201d38,1772993939999,1772997539999,1772993939999,1772997539999,MEXC_FUT:ETHUSDT,pullback_retest,SHORT,CANDIDATE,ACTIVE,ACTIVATED_STOPPED,STOPPED,POST_BREAKOUT_PULLBACK,HEALTHY,NORMAL,OK,90.0,A,1930.0,1772994059999,1930.0,1930.0,1950.0,1890.0,1870.0,1950.0,0,,,-1.0362694300518136,-1.0,-1.0,OK,60,BULLISH,BULLISH_REGIME,BEARISH_PULLBACK,0,2,Failed bullish move / reversal short near resistance with acceptable risk profile,,stop_hit_before_tp1
26610b06c9d6a64b8c1aeeda69046cb503cdda6a,1773001799999,1773004439999,1773001799999,1773004439999,MEXC_FUT:BTCUSDT,pullback_retest,LONG,CANDIDATE,ACTIVE,ACTIVATED_STOPPED,STOPPED,POST_BREAKOUT_PULLBACK,HEALTHY,TIGHT,OK,100.0,A,66900.0,1773004199999,66900.0,66900.0,66700.0,67300.0,67500.0,66700.0,0,,,-0.29895366218236175,-1.0,-1.0,OK,44,BULLISH,BULLISH_REGIME,BEARISH_PULLBACK,0,2,Bullish pullback near support with acceptable close-confirmed risk profile,,stop_hit_before_tp1
8ab7b1275dcd2967d402716199585c76ae33b09d,1773004199999,1773007439999,1773004199999,1773007439999,MEXC_FUT:SOLUSDT,pullback_retest,LONG,CANDIDATE,ACTIVE,ACTIVATED_STOPPED,STOPPED,POST_BREAKOUT_PULLBACK,HEALTHY,TIGHT,OK,100.0,A,81.75,1773004439999,81.75,81.75,81.25,82.75,83.25,81.25,0,,,-0.6116207951070336,-1.0,-1.0,OK,54,BULLISH,BULLISH_REGIME,BEARISH_PULLBACK,0,2,Bullish pullback near support with acceptable close-confirmed risk profile,,stop_hit_before_tp1
43edd11393637db758922f4e5c18335dc172632d,1773000899999,1773007499999,1773000899999,1773007499999,MEXC_FUT:ENAUSDT,pullback_retest,LONG,CANDIDATE,ACTIVE,ACTIVATED_STOPPED,STOPPED,POST_BREAKOUT_PULLBACK,HEALTHY,NORMAL,OK,80.0,A,0.09825,1773007439999,0.09825,0.09825,0.09775,0.09925,0.09975,0.09775,0,,,-0.5089058524173032,-1.0,-1.0,OK,110,BULLISH,BULLISH_REGIME,BEARISH_PULLBACK,0,2,Bullish pullback near support with acceptable close-confirmed risk profile,,stop_hit_before_tp1
bb81dc52205fe494a948477bc50dd58dfb99991b,1773004199999,1773007499999,1773004199999,1773007499999,MEXC_FUT:ETHUSDT,pullback_retest,LONG,CANDIDATE,ACTIVE,ACTIVATED_STOPPED,STOPPED,POST_BREAKOUT_PULLBACK,HEALTHY,TIGHT,OK,100.0,A,1935.0,1773007439999,1935.0,1935.0,1925.0,1955.0,1965.0,1925.0,0,,,-0.516795865633075,-1.0,-1.0,OK,55,BULLISH,BULLISH_REGIME,BEARISH_PULLBACK,0,2,Bullish pullback near support with acceptable close-confirmed risk profile,,stop_hit_before_tp1
428716e731527b97ffaf49538848052f58454971,1773007439999,1773016439999,1773007439999,1773016439999,MEXC_FUT:TAOUSDT,pullback_retest,SHORT,CANDIDATE,ACTIVE,ACTIVATED_STOPPED,STOPPED,POST_BREAKOUT_PULLBACK,HEALTHY,NORMAL,OK,90.0,A,181.0,1773007679999,181.0,181.0,185.0,173.0,169.0,185.0,0,,,-2.209944751381215,-1.0,-1.0,OK,150,BULLISH,BULLISH_REGIME,BEARISH_PULLBACK,0,2,Failed bullish move / reversal short near resistance with acceptable risk profile,,stop_hit_before_tp1
55df11d04f15a75e1c5a769511eefd3924bf8a40,1773017759999,1773021479999,1773017759999,1773021479999,MEXC_FUT:SUIUSDT,pullback_retest,LONG,CANDIDATE,ACTIVE,ACTIVATED_TP1_PARTIAL_THEN_BE,TP1_PARTIAL_THEN_BE,POST_BREAKOUT_PULLBACK,HEALTHY,TIGHT,OK,100.0,A,0.8825,1773018419999,0.8825,0.8825,0.8775000000000001,0.8924999999999997,0.8974999999999996,0.8826765,1,1773020039999.0,0.8899999999999998,0.020000000000002707,0.03530000000000552,1.0,OK,62,BULLISH,BULLISH_REGIME,BEARISH_PULLBACK,0,2,Bullish pullback near support with acceptable close-confirmed risk profile,,tp1_partial_then_breakeven
9dd821013aa65f4539d7faafe8dfe824bcada1f1,1773017279999,1773025379999,1773017279999,1773025379999,MEXC_FUT:ENAUSDT,pullback_retest,LONG,CANDIDATE,ACTIVE,ACTIVATED_TP2,TP2,POST_BREAKOUT_PULLBACK,HEALTHY,NORMAL,OK,80.0,A,0.09875,1773021959999,0.09875,0.09875,0.09825,0.09975,0.10025,0.10025,1,1773023819999.0,0.0995,1.5189873417721533,3.0,3.0,OK,135,BULLISH,BULLISH_REGIME,BEARISH_PULLBACK,0,2,Bullish pullback near support with acceptable close-confirmed risk profile,,tp2_hit_after_tp1
d9a85aebf7286a9e639c1cf3b3ffabf1f10c54e3,1773018539999,1773025379999,1773018539999,1773025379999,MEXC_FUT:ETHUSDT,pullback_retest,LONG,CANDIDATE,ACTIVE,ACTIVATED_TP2,TP2,POST_BREAKOUT_PULLBACK,HEALTHY,TIGHT,OK,100.0,A,1940.0,1773022679999,1940.0,1940.0,1930.0,1960.0,1970.0,1970.0,1,1773023819999.0,1955.0,1.5463917525773196,3.0,3.0,OK,114,BULLISH,BULLISH_REGIME,BEARISH_PULLBACK,0,2,Bullish pullback near support with acceptable close-confirmed risk profile,,tp2_hit_after_tp1
ca3e90e2e67759c1d1989ddebd5b19cabaacab5a,1773017759999,1773025499999,1773017759999,1773025499999,MEXC_FUT:SOLUSDT,pullback_retest,LONG,CANDIDATE,ACTIVE,ACTIVATED_TP2,TP2,POST_BREAKOUT_PULLBACK,HEALTHY,TIGHT,OK,100.0,A,81.75,1773022679999,81.75,81.75,81.25,82.75,83.25,83.25,1,1773023819999.0,82.5,1.834862385321101,3.0,3.0,OK,129,BULLISH,BULLISH_REGIME,BEARISH_PULLBACK,0,2,Bullish pullback near support with acceptable close-confirmed risk profile,,tp2_hit_after_tp1
26cea9ecf5e926395e85b5eb6dd1d0703d555d74,1773032159999,1773034979999,1773032159999,1773034979999,MEXC_FUT:ENAUSDT,pullback_retest,LONG,CANDIDATE,ACTIVE,ACTIVATED_TP2,TP2,POST_BREAKOUT_PULLBACK,HEALTHY,NORMAL,OK,90.0,A,0.10025,1773032219999,0.10025,0.10025,0.09975,0.10125,0.10175000000000001,0.10175000000000001,1,1773033779999.0,0.101,1.4962593516209488,3.0,3.0,OK,47,BULLISH,BULLISH_REGIME,BEARISH_PULLBACK,0,2,Bullish pullback near support with acceptable close-confirmed risk profile,,tp2_hit_after_tp1
df772425653fbd0531cebb2f5f1eb6951ec5c4b4,1773036359999,1773043319999,1773036359999,1773043319999,MEXC_FUT:ENAUSDT,pullback_retest,LONG,CANDIDATE,ACTIVE,ACTIVATED_TP2,TP2,POST_BREAKOUT_PULLBACK,HEALTHY,NORMAL,OK,80.0,A,0.10025,1773040679999,0.10025,0.10025,0.09975,0.10125,0.10175000000000001,0.10175000000000001,1,1773041219999.0,0.101,1.4962593516209488,3.0,3.0,OK,116,BULLISH,BULLISH_REGIME,BEARISH_PULLBACK,0,2,Bullish pullback near support with acceptable close-confirmed risk profile,,tp2_hit_after_tp1
826f5110e65fcedc67a70422e4e872e6a2735cbc,1773045539999,1773062819999,1773045539999,1773062819999,MEXC_FUT:ENAUSDT,pullback_retest,LONG,CANDIDATE,ACTIVE,ACTIVATED_TP2,TP2,POST_BREAKOUT_PULLBACK,HEALTHY,NORMAL,OK,80.0,A,0.10049999999999999,1773055079999,0.10049999999999999,0.10049999999999999,0.09999999999999999,0.10149999999999999,0.102,0.102,1,1773056159999.0,0.10124999999999999,1.4925373134328372,3.0,3.0,OK,288,BULLISH,BULLISH_REGIME,BEARISH_PULLBACK,0,2,Bullish pullback near support with acceptable close-confirmed risk profile,,tp2_hit_after_tp1
4f26af2f7d255b652f6b710ea9c41577e013049d,1773066479999,1773099479999,1773066479999,1773099479999,MEXC_FUT:ENAUSDT,pullback_retest,LONG,CANDIDATE,ACTIVE,ACTIVATED_STOPPED,STOPPED,POST_BREAKOUT_PULLBACK,HEALTHY,NORMAL,OK,80.0,A,0.10125,1773095939999,0.10125,0.10125,0.10075,0.10225000000000001,0.10275000000000001,0.10075,0,,,-0.4938271604938276,-1.0,-1.0,OK,550,BULLISH,BULLISH_REGIME,BEARISH_PULLBACK,0,2,Bullish pullback near support with acceptable close-confirmed risk profile,,stop_hit_before_tp1
7066d9cd8b76246cca5dc284086874ebef085967,1773118199999,1773127499999,1773118199999,1773127499999,MEXC_FUT:ENAUSDT,pullback_retest,LONG,CANDIDATE,ACTIVE,ACTIVATED_TP2,TP2,POST_BREAKOUT_PULLBACK,HEALTHY,NORMAL,OK,90.0,A,0.10149999999999999,1773120239999,0.10149999999999999,0.10149999999999999,0.10099999999999999,0.1025,0.103,0.103,1,1773126479999.0,0.10225,1.4778325123152725,3.0,3.0,OK,155,BULLISH,BULLISH_REGIME,BEARISH_PULLBACK,0,2,Bullish pullback near support with acceptable close-confirmed risk profile,,tp2_hit_after_tp1
83bef881d40f895d2de41725d37fbf7b744eb25f,1773163079999,1773164219999,1773163079999,1773164219999,MEXC_FUT:ENAUSDT,pullback_retest,LONG,CANDIDATE,ACTIVE,ACTIVATED_STOPPED,STOPPED,POST_BREAKOUT_PULLBACK,HEALTHY,NORMAL,OK,90.0,A,0.1055,1773163619999,0.1055,0.1055,0.105,0.1065,0.107,0.105,0,,,-0.4739336492891,-1.0,-1.0,OK,19,BULLISH,BULLISH_REGIME,BEARISH_PULLBACK,0,2,Bullish pullback near support with acceptable close-confirmed risk profile,,stop_hit_before_tp1
3ebecbb0e05f67b7ea00e6478ebe1ef4d6b3d270,1773230939999,1773933479999,1773230939999,1773933479999,MEXC_FUT:ENAUSDT,pullback_retest,LONG,CANDIDATE,ACTIVE,ACTIVATED_TP1_PARTIAL_THEN_BE,TP1_PARTIAL_THEN_BE,POST_BREAKOUT_PULLBACK,HEALTHY,NORMAL,OK,80.0,A,0.101,1773931139999,0.101,0.101,0.1005,0.10200000000000001,0.10250000000000001,0.1010202,1,1773931979999.0,0.10175000000000001,0.019999999999998016,0.04039999999999596,1.0,OK,11709,BULLISH,BULLISH_REGIME,BEARISH_PULLBACK,0,2,Bullish pullback near support with acceptable close-confirmed risk profile,,tp1_partial_then_breakeven
31155070e46e3e8cc280327053194e524c2d0d47,1773937919999,1773947219999,1773937919999,1773947219999,MEXC_FUT:ENAUSDT,pullback_retest,LONG,CANDIDATE,ACTIVE,ACTIVATED_TP2,TP2,POST_BREAKOUT_PULLBACK,HEALTHY,NORMAL,OK,90.0,A,0.101,1773937979999,0.101,0.101,0.1005,0.10200000000000001,0.10250000000000001,0.10250000000000001,1,1773941339999.0,0.10175000000000001,1.4851485148514862,3.0,3.0,OK,155,BULLISH,BULLISH_REGIME,BEARISH_PULLBACK,0,2,Bullish pullback near support with acceptable close-confirmed risk profile,,tp2_hit_after_tp1
52925223304f506e0207b9332530440f1af2c7e9,1773948959999,1774031579999,1773948959999,1774031579999,MEXC_FUT:ENAUSDT,pullback_retest,LONG,CANDIDATE,ACTIVE,ACTIVATED_TP1_PARTIAL_THEN_BE,TP1_PARTIAL_THEN_BE,POST_BREAKOUT_PULLBACK,HEALTHY,NORMAL,OK,80.0,A,0.101,1774019939999,0.101,0.101,0.1005,0.10200000000000001,0.10250000000000001,0.1010202,1,1774020239999.0,0.10175000000000001,0.019999999999998016,0.04039999999999596,1.0,OK,1377,BULLISH,BULLISH_REGIME,BEARISH_PULLBACK,0,2,Bullish pullback near support with acceptable close-confirmed risk profile,,tp1_partial_then_breakeven
5e9f33c099e1443ee374e3315c02dce80b30e86a,1774045559999,1774126199999,1774045559999,1774126199999,MEXC_FUT:ENAUSDT,pullback_retest,LONG,CANDIDATE,ACTIVE,ACTIVATED_TP2,TP2,POST_BREAKOUT_PULLBACK,HEALTHY,NORMAL,OK,80.0,A,0.10075,1774096499999,0.10075,0.10075,0.10025,0.10175000000000001,0.10225000000000001,0.10225000000000001,1,1774102379999.0,0.1015,1.4888337468982642,3.0,3.0,OK,1344,BULLISH,BULLISH_REGIME,BEARISH_PULLBACK,0,2,Bullish pullback near support with acceptable close-confirmed risk profile,,tp2_hit_after_tp1
f1933dd00b5dc3581d1b091616333bf4652970f9,1774135619999,1774136999999,1774135619999,1774136999999,MEXC_FUT:ENAUSDT,pullback_retest,LONG,CANDIDATE,ACTIVE,ACTIVATED_STOPPED,STOPPED,POST_BREAKOUT_PULLBACK,HEALTHY,NORMAL,OK,90.0,A,0.10125,1774136819999,0.10125,0.10125,0.10075,0.10225000000000001,0.10275000000000001,0.10075,0,,,-0.4938271604938276,-1.0,-1.0,OK,23,BULLISH,BULLISH_REGIME,BEARISH_PULLBACK,0,2,Bullish pullback near support with acceptable close-confirmed risk profile,,stop_hit_before_tp1
1a796dbf9e07cc17c37157f6b3f67450efa9494e,1774143419999,1774150139999,1774143419999,1774150139999,MEXC_FUT:ENAUSDT,pullback_retest,LONG,CANDIDATE,ACTIVE,ACTIVATED_TP2,TP2,POST_BREAKOUT_PULLBACK,HEALTHY,NORMAL,OK,90.0,A,0.09825,1774143479999,0.09825,0.09825,0.09775,0.09925,0.09975,0.09975,1,1774146539999.0,0.099,1.5267175572519098,3.0,3.0,OK,112,BULLISH,BULLISH_REGIME,BEARISH_PULLBACK,0,2,Bullish pullback near support with acceptable close-confirmed risk profile,,tp2_hit_after_tp1
fe80e66d7aaa0e6baa5a70ee38830fbf48748326,1774151639999,1774167059999,1774151639999,1774167059999,MEXC_FUT:ENAUSDT,pullback_retest,LONG,CANDIDATE,ACTIVE,ACTIVATED_STOPPED,STOPPED,POST_BREAKOUT_PULLBACK,HEALTHY,NORMAL,OK,90.0,A,0.0985,1774166279999,0.0985,0.0985,0.098,0.0995,0.1,0.098,0,,,-0.50761421319797,-1.0,-1.0,OK,257,BULLISH,BULLISH_REGIME,BEARISH_PULLBACK,0,2,Bullish pullback near support with acceptable close-confirmed risk profile,,stop_hit_before_tp1
2b162df9dc9d07f999d1e8730f6d86c90e6e8580,1774186979999,1774198919999,1774186979999,1774198919999,MEXC_FUT:ENAUSDT,pullback_retest,LONG,CANDIDATE,ACTIVE,ACTIVATED_STOPPED,STOPPED,POST_BREAKOUT_PULLBACK,HEALTHY,NORMAL,OK,90.0,A,0.09775,1774187099999,0.09775,0.09775,0.09725,0.09875,0.09925,0.09725,0,,,-0.5115089514066501,-1.0,-1.0,OK,199,BULLISH,BULLISH_REGIME,BEARISH_PULLBACK,0,2,Bullish pullback near support with acceptable close-confirmed risk profile,,stop_hit_before_tp1
94d43e59a130f17e37d3230fc124bdcc5f8db391,1774237019999,1774255139999,1774237019999,1774255139999,MEXC_FUT:ENAUSDT,pullback_retest,LONG,CANDIDATE,ACTIVE,ACTIVATED_TP1_PARTIAL_THEN_BE,TP1_PARTIAL_THEN_BE,POST_BREAKOUT_PULLBACK,HEALTHY,NORMAL,OK,80.0,A,0.09425,1774250579999,0.09425,0.09425,0.09375,0.09525,0.09575,0.09426885,1,1774251599999.0,0.095,0.02000000000000086,0.037700000000001586,1.0,OK,302,BULLISH,BULLISH_REGIME,BEARISH_PULLBACK,0,2,Bullish pullback near support with acceptable close-confirmed risk profile,,tp1_partial_then_breakeven
8a6027cf8c3ad9f8e5b622d4a994166858cff11e,1774303319999,1774307579999,1774303319999,1774307579999,MEXC_FUT:ENAUSDT,pullback_retest,LONG,CANDIDATE,ACTIVE,ACTIVATED_STOPPED,STOPPED,POST_BREAKOUT_PULLBACK,HEALTHY,NORMAL,OK,80.0,A,0.093,1774305059999,0.093,0.093,0.0925,0.094,0.0945,0.0925,0,,,-0.5376344086021511,-1.0,-1.0,OK,71,BULLISH,BULLISH_REGIME,BEARISH_PULLBACK,0,2,Bullish pullback near support with acceptable close-confirmed risk profile,,stop_hit_before_tp1
376845ddb8c3243032499131903eca8970c86cb3,1774325519999,1774329119999,1774325519999,1774329119999,MEXC_FUT:ENAUSDT,pullback_retest,LONG,CANDIDATE,ACTIVE,ACTIVATED_STOPPED,STOPPED,POST_BREAKOUT_PULLBACK,HEALTHY,NORMAL,OK,90.0,A,0.09175,1774328699999,0.09175,0.09175,0.09125,0.09275,0.09325,0.09125,0,,,-0.5449591280653956,-1.0,-1.0,OK,60,BULLISH,BULLISH_REGIME,BEARISH_PULLBACK,0,2,Bullish pullback near support with acceptable close-confirmed risk profile,,stop_hit_before_tp1
0392330bb2c7bb26e317c254fd1a278392150ef9,1774343519999,1774351979999,1774343519999,1774351979999,MEXC_FUT:ENAUSDT,pullback_retest,LONG,CANDIDATE,ACTIVE,ACTIVATED_TP2,TP2,POST_BREAKOUT_PULLBACK,HEALTHY,NORMAL,OK,90.0,A,0.09375,1774343579999,0.09375,0.09375,0.09325,0.09475,0.09525,0.09525,1,1774344779999.0,0.0945,1.6000000000000014,3.0,3.0,OK,141,BULLISH,BULLISH_REGIME,BEARISH_PULLBACK,0,2,Bullish pullback near support with acceptable close-confirmed risk profile,,tp2_hit_after_tp1
d8f51b28290a484165c132d41995e65fceab6af2,1774354739999,1774357799999,1774354739999,1774357799999,MEXC_FUT:ENAUSDT,pullback_retest,LONG,CANDIDATE,ACTIVE,ACTIVATED_STOPPED,STOPPED,POST_BREAKOUT_PULLBACK,HEALTHY,NORMAL,OK,90.0,A,0.0945,1774354859999,0.0945,0.0945,0.094,0.0955,0.096,0.094,0,,,-0.5291005291005296,-1.0,-1.0,OK,51,BULLISH,BULLISH_REGIME,BEARISH_PULLBACK,0,2,Bullish pullback near support with acceptable close-confirmed risk profile,,stop_hit_before_tp1
e42b27ba7fe04752e345bf265f01c8509f4a855a,1773026519999,1774621379999,1773026519999,1774621379999,MEXC_FUT:SUIUSDT,pullback_retest,LONG,CANDIDATE,ACTIVE,ACTIVATED_TP1_PARTIAL_THEN_BE,TP1_PARTIAL_THEN_BE,POST_BREAKOUT_PULLBACK,HEALTHY,TIGHT,OK,90.0,A,0.8849999999999999,1774619819999,0.8849999999999999,0.8849999999999999,0.88,0.8949999999999997,0.8999999999999996,0.8851769999999999,1,1774620779999.0,0.8924999999999997,0.01999999999999805,0.0353999999999973,1.0,OK,26581,BULLISH,BULLISH_REGIME,BEARISH_PULLBACK,0,2,Bullish pullback near support with acceptable close-confirmed risk profile,,tp1_partial_then_breakeven
8a17cb7168ae8b37658b4114fd2cb7f8343d4c08,1773013499999,1774625039999,1773013499999,1774625039999,MEXC_FUT:BTCUSDT,pullback_retest,LONG,CANDIDATE,ACTIVE,ACTIVATED_TP2,TP2,POST_BREAKOUT_PULLBACK,HEALTHY,TIGHT,OK,100.0,A,65800.0,1774621679999,65800.0,65800.0,65600.0,66200.0,66400.0,66400.0,1,1774623359999.0,66100.0,0.911854103343465,3.0,3.0,OK,26859,BULLISH,BULLISH_REGIME,BEARISH_PULLBACK,0,2,Bullish pullback near support with acceptable close-confirmed risk profile,,tp2_hit_after_tp1
40e425d9b38dc57cffcda2ecb8089125efd3cb8d,1774380659999,1774631459999,1774380659999,1774631459999,MEXC_FUT:ENAUSDT,pullback_retest,LONG,CANDIDATE,ACTIVE,ACTIVATED_TP1_PARTIAL_THEN_BE,TP1_PARTIAL_THEN_BE,POST_BREAKOUT_PULLBACK,HEALTHY,NORMAL,OK,90.0,A,0.09175,1774629239999,0.09175,0.09175,0.09125,0.09275,0.09325,0.09176835,1,1774631279999.0,0.0925,0.02000000000000034,0.036700000000000586,1.0,OK,4180,BULLISH,BULLISH_REGIME,BEARISH_PULLBACK,0,2,Bullish pullback near support with acceptable close-confirmed risk profile,,tp1_partial_then_breakeven
8d67db39b063cd0a0dae781685f1049746c7b9ff,1774632119999,1774633439999,1774632119999,1774633439999,MEXC_FUT:BTCUSDT,pullback_retest,LONG,CANDIDATE,ACTIVE,ACTIVATED_STOPPED,STOPPED,POST_BREAKOUT_PULLBACK,HEALTHY,TIGHT,OK,100.0,A,65900.0,1774632419999,65900.0,65900.0,65700.0,66300.0,66500.0,65700.0,0,,,-0.30349013657056145,-1.0,-1.0,OK,22,BULLISH,BULLISH_REGIME,BEARISH_PULLBACK,0,2,Bullish pullback near support with acceptable close-confirmed risk profile,,stop_hit_before_tp1
607cd60e0c414ad3930743f72a9709bb3431ebaa,1774660259999,1774660439999,1774660259999,1774660439999,MEXC_FUT:ENAUSDT,pullback_retest,LONG,CANDIDATE,ACTIVE,ACTIVATED_STOPPED,STOPPED,POST_BREAKOUT_PULLBACK,HEALTHY,NORMAL,OK,90.0,A,0.089,1774660319999,0.089,0.089,0.0885,0.09,0.0905,0.0885,0,,,-0.5617977528089892,-1.0,-1.0,OK,3,BULLISH,BULLISH_REGIME,BEARISH_PULLBACK,0,2,Bullish pullback near support with acceptable close-confirmed risk profile,,stop_hit_before_tp1
827fcdf552dc6f9e134b8161573cbb2f2de7c208,1773026639999,1774684679999,1773026639999,1774684679999,MEXC_FUT:SOLUSDT,pullback_retest,LONG,CANDIDATE,ACTIVE,ACTIVATED_TP2,TP2,POST_BREAKOUT_PULLBACK,HEALTHY,TIGHT,OK,90.0,A,82.0,1774635899999,82.0,82.0,81.5,83.0,83.5,83.5,1,1774640039999.0,82.75,1.8292682926829267,3.0,3.0,OK,27634,BULLISH,BULLISH_REGIME,BEARISH_PULLBACK,0,2,Bullish pullback near support with acceptable close-confirmed risk profile,,tp2_hit_after_tp1
b53022893d153385abdea2a8c6d7f63d06ba75bd,1774692599999,1774693739999,1774692599999,1774693739999,MEXC_FUT:ENAUSDT,pullback_retest,LONG,CANDIDATE,ACTIVE,ACTIVATED_STOPPED,STOPPED,POST_BREAKOUT_PULLBACK,HEALTHY,NORMAL,OK,90.0,A,0.09175,1774692659999,0.09175,0.09175,0.09125,0.09275,0.09325,0.09125,0,,,-0.5449591280653956,-1.0,-1.0,OK,19,BULLISH,BULLISH_REGIME,BEARISH_PULLBACK,0,2,Bullish pullback near support with acceptable close-confirmed risk profile,,stop_hit_before_tp1
a7c802f292f572892b51b32cb43c6a7fe7186af0,1774699619999,1774739399999,1774699619999,1774739399999,MEXC_FUT:SUIUSDT,pullback_retest,LONG,CANDIDATE,ACTIVE,ACTIVATED_STOPPED,STOPPED,POST_BREAKOUT_PULLBACK,HEALTHY,TIGHT,OK,100.0,A,0.875,1774739279999,0.875,0.875,0.8700000000000001,0.8849999999999998,0.8899999999999997,0.8700000000000001,0,,,-0.5714285714285593,-1.0,-1.0,OK,663,BULLISH,BULLISH_REGIME,BEARISH_PULLBACK,0,2,Bullish pullback near support with acceptable close-confirmed risk profile,,stop_hit_before_tp1
83aa79618eea60ca254f5ec014d670e0535dc7f4,1774693679999,1774739519999,1774693679999,1774739519999,MEXC_FUT:SOLUSDT,pullback_retest,LONG,CANDIDATE,ACTIVE,ACTIVATED_STOPPED,STOPPED,POST_BREAKOUT_PULLBACK,HEALTHY,TIGHT,OK,100.0,A,82.5,1774734839999,82.5,82.5,82.0,83.5,84.0,82.0,0,,,-0.6060606060606061,-1.0,-1.0,OK,764,BULLISH,BULLISH_REGIME,BEARISH_PULLBACK,0,2,Bullish pullback near support with acceptable close-confirmed risk profile,,stop_hit_before_tp1
3aba84e9a4540dd3da287399b447243c89f968e5,1774713299999,1774741559999,1774713299999,1774741559999,MEXC_FUT:ENAUSDT,pullback_retest,LONG,CANDIDATE,ACTIVE,ACTIVATED_STOPPED,STOPPED,POST_BREAKOUT_PULLBACK,HEALTHY,NORMAL,OK,80.0,A,0.09075,1774739519999,0.09075,0.09075,0.09025,0.09175,0.09225,0.09025,0,,,-0.5509641873278243,-1.0,-1.0,OK,471,BULLISH,BULLISH_REGIME,BEARISH_PULLBACK,0,2,Bullish pullback near support with acceptable close-confirmed risk profile,,stop_hit_before_tp1
eafa6daa93ba6821019487a63075a8b1a277adbc,1774786139999,1774802639999,1774786139999,1774802639999,MEXC_FUT:ENAUSDT,pullback_retest,LONG,CANDIDATE,ACTIVE,ACTIVATED_TP1_PARTIAL_THEN_BE,TP1_PARTIAL_THEN_BE,POST_BREAKOUT_PULLBACK,HEALTHY,NORMAL,OK,80.0,A,0.09,1774789739999,0.09,0.09,0.0895,0.091,0.0915,0.090018,1,1774801199999.0,0.09075,0.02000000000000458,0.03600000000000821,1.0,OK,275,BULLISH,BULLISH_REGIME,BEARISH_PULLBACK,0,2,Bullish pullback near support with acceptable close-confirmed risk profile,,tp1_partial_then_breakeven
66f8f9901ff2bd7b74d4c3054c5575cd93948f72,1774802639999,1774804979999,1774802639999,1774804979999,MEXC_FUT:ENAUSDT,pullback_retest,LONG,CANDIDATE,ACTIVE,ACTIVATED_STOPPED,STOPPED,POST_BREAKOUT_PULLBACK,HEALTHY,NORMAL,OK,90.0,A,0.09,1774802699999,0.09,0.09,0.0895,0.091,0.0915,0.0895,0,,,-0.5555555555555561,-1.0,-1.0,OK,39,BULLISH,BULLISH_REGIME,BEARISH_PULLBACK,0,2,Bullish pullback near support with acceptable close-confirmed risk profile,,stop_hit_before_tp1
c9ad1678e36af1b5f8a75578d4f76120102dc54f,1774821839999,1774824119999,1774821839999,1774824119999,BTCUSDT,pullback_retest,LONG,CANDIDATE,ACTIVE,ACTIVATED_STOPPED,STOPPED,POST_BREAKOUT_PULLBACK,HEALTHY,TIGHT,OK,100.0,A,66300.0,1774822019999,66300.0,66300.0,66100.0,66700.0,66900.0,66100.0,0,,,-0.301659125188537,-1.0,-1.0,OK,38,BULLISH,BULLISH_REGIME,BEARISH_PULLBACK,0,2,Bullish pullback near support with acceptable close-confirmed risk profile,,stop_hit_before_tp1
3aa7f6d3dbd581e3eb624746b40afb0ddb2dc7d6,1774822019999,1774824179999,1774822019999,1774824179999,MEXC_FUT:ENAUSDT,pullback_retest,LONG,CANDIDATE,ACTIVE,ACTIVATED_STOPPED,STOPPED,POST_BREAKOUT_PULLBACK,HEALTHY,NORMAL,OK,90.0,A,0.08975,1774824119999,0.08975,0.08975,0.08925,0.09075,0.09125,0.08925,0,,,-0.5571030640668528,-1.0,-1.0,OK,36,BULLISH,BULLISH_REGIME,BEARISH_PULLBACK,0,2,Bullish pullback near support with acceptable close-confirmed risk profile,,stop_hit_before_tp1
2d5cbdfff8c5734d02d45bb289c292883e1c941e,1774661759999,1774824359999,1774661759999,1774824359999,MEXC_FUT:BTCUSDT,pullback_retest,LONG,CANDIDATE,ACTIVE,ACTIVATED_STOPPED,STOPPED,POST_BREAKOUT_PULLBACK,HEALTHY,TIGHT,OK,90.0,A,65700.0,1774824179999,65700.0,65700.0,65500.0,66100.0,66300.0,65500.0,0,,,-0.30441400304414,-1.0,-1.0,OK,2710,BULLISH,BULLISH_REGIME,BEARISH_PULLBACK,0,2,Bullish pullback near support with acceptable close-confirmed risk profile,,stop_hit_before_tp1
14f0abb68c3c544e5f5abc3b5a793cc719fde2f8,1773026639999,1774825019999,1773026639999,1774825019999,MEXC_FUT:ETHUSDT,pullback_retest,LONG,CANDIDATE,ACTIVE,ACTIVATED_TP2,TP2,POST_BREAKOUT_PULLBACK,HEALTHY,TIGHT,OK,90.0,A,1945.0,1774824599999,1945.0,1945.0,1935.0,1965.0,1975.0,1975.0,1,1774824959999.0,1960.0,1.5424164524421593,3.0,3.0,OK,29973,BULLISH,BULLISH_REGIME,BEARISH_PULLBACK,0,2,Bullish pullback near support with acceptable close-confirmed risk profile,,tp2_hit_after_tp1
293a2bcaf2e64990cd52bf8f4de751e9ae0cb1c1,1774878599999,1774881479999,1774878599999,1774881479999,ETHUSDT,pullback_retest,LONG,CANDIDATE,ACTIVE,ACTIVATED_STOPPED,STOPPED,POST_BREAKOUT_PULLBACK,HEALTHY,TIGHT,OK,100.0,A,2055.0,1774880999999,2055.0,2055.0,2045.0,2075.0,2085.0,2045.0,0,,,-0.48661800486618007,-1.0,-1.0,OK,48,BULLISH,BULLISH_REGIME,BEARISH_PULLBACK,0,2,Bullish pullback near support with acceptable close-confirmed risk profile,,stop_hit_before_tp1
270cb511366a6c15e0ab482a6777c36d9cb54baa,1774878599999,1774881479999,1774878599999,1774881479999,MEXC_FUT:ETHUSDT,pullback_retest,LONG,CANDIDATE,ACTIVE,ACTIVATED_STOPPED,STOPPED,POST_BREAKOUT_PULLBACK,HEALTHY,TIGHT,OK,100.0,A,2055.0,1774880519999,2055.0,2055.0,2045.0,2075.0,2085.0,2045.0,0,,,-0.48661800486618007,-1.0,-1.0,OK,48,BULLISH,BULLISH_REGIME,BEARISH_PULLBACK,0,2,Bullish pullback near support with acceptable close-confirmed risk profile,,stop_hit_before_tp1
f17b9656de2b1a39a80d76fa527c7afc44001132,1774889699999,1774891439999,1774889699999,1774891439999,MEXC_FUT:ETHUSDT,pullback_retest,LONG,CANDIDATE,ACTIVE,ACTIVATED_STOPPED,STOPPED,POST_BREAKOUT_PULLBACK,HEALTHY,TIGHT,OK,100.0,A,2055.0,1774891019999,2055.0,2055.0,2045.0,2075.0,2085.0,2045.0,0,,,-0.48661800486618007,-1.0,-1.0,OK,29,BULLISH,BULLISH_REGIME,BEARISH_PULLBACK,0,2,Bullish pullback near support with acceptable close-confirmed risk profile,,stop_hit_before_tp1
62bb3d9ea77c55189159519d401659a1e87c467f,1774889699999,1774891499999,1774889699999,1774891499999,ETHUSDT,pullback_retest,LONG,CANDIDATE,ACTIVE,ACTIVATED_STOPPED,STOPPED,POST_BREAKOUT_PULLBACK,HEALTHY,TIGHT,OK,100.0,A,2055.0,1774891079999,2055.0,2055.0,2045.0,2075.0,2085.0,2045.0,0,,,-0.48661800486618007,-1.0,-1.0,OK,30,BULLISH,BULLISH_REGIME,BEARISH_PULLBACK,0,2,Bullish pullback near support with acceptable close-confirmed risk profile,,stop_hit_before_tp1
8a9e03e65c9ef19ce024e268e1b86ad7aa06dc89,1774880399999,1774896659999,1774880399999,1774896659999,XRPUSDT,pullback_retest,LONG,CANDIDATE,ACTIVE,ACTIVATED_STOPPED,STOPPED,POST_BREAKOUT_PULLBACK,HEALTHY,TIGHT,OK,100.0,A,1.335,1774891619999,1.335,1.335,1.3250000000000002,1.3549999999999995,1.3649999999999993,1.3250000000000002,0,,,-0.7490636704119691,-1.0,-1.0,OK,271,BULLISH,BULLISH_REGIME,BEARISH_PULLBACK,0,2,Bullish pullback near support with acceptable close-confirmed risk profile,,stop_hit_before_tp1
73cfd5a3d2cf2cf60989845f7ba6dc346678181c,1774838459999,1774898699999,1774838459999,1774898699999,MEXC_FUT:ENAUSDT,pullback_retest,LONG,CANDIDATE,ACTIVE,ACTIVATED_STOPPED,STOPPED,POST_BREAKOUT_PULLBACK,HEALTHY,NORMAL,OK,90.0,A,0.09025,1774895039999,0.09025,0.09025,0.08975,0.09125,0.09175,0.08975,0,,,-0.5540166204986154,-1.0,-1.0,OK,1004,BULLISH,BULLISH_REGIME,BEARISH_PULLBACK,0,2,Bullish pullback near support with acceptable close-confirmed risk profile,,stop_hit_before_tp1
013d6ec9f7203f86ed0930d036d85db760682ec1,1774908179999,1774908599999,1774908179999,1774908599999,MEXC_FUT:ENAUSDT,pullback_retest,LONG,CANDIDATE,ACTIVE,ACTIVATED_STOPPED,STOPPED,POST_BREAKOUT_PULLBACK,HEALTHY,NORMAL,OK,90.0,A,0.0925,1774908239999,0.0925,0.0925,0.092,0.0935,0.094,0.092,0,,,-0.540540540540541,-1.0,-1.0,OK,7,BULLISH,BULLISH_REGIME,BEARISH_PULLBACK,0,2,Bullish pullback near support with acceptable close-confirmed risk profile,,stop_hit_before_tp1
78886fef52a08efbe30f7578dce230db06dec65e,1774921439999,1774949039999,1774921439999,1774949039999,MEXC_FUT:ENAUSDT,pullback_retest,LONG,CANDIDATE,ACTIVE,ACTIVATED_STOPPED,STOPPED,POST_BREAKOUT_PULLBACK,HEALTHY,NORMAL,OK,80.0,A,0.09125,1774947719999,0.09125,0.09125,0.09075,0.09225,0.09275,0.09075,0,,,-0.5479452054794526,-1.0,-1.0,OK,460,BULLISH,BULLISH_REGIME,BEARISH_PULLBACK,0,2,Bullish pullback near support with acceptable close-confirmed risk profile,,stop_hit_before_tp1
c9a8beb267124142335821b340bb4763dda1fdfa,1774921379999,1774949759999,1774921379999,1774949759999,MEXC_FUT:SUIUSDT,pullback_retest,LONG,CANDIDATE,ACTIVE,ACTIVATED_STOPPED,STOPPED,POST_BREAKOUT_PULLBACK,HEALTHY,TIGHT,OK,90.0,A,0.8625,1774946759999,0.8625,0.8625,0.8575000000000002,0.8724999999999998,0.8774999999999997,0.8575000000000002,0,,,-0.5797101449275238,-1.0,-1.0,OK,473,BULLISH,BULLISH_REGIME,BEARISH_PULLBACK,0,2,Bullish pullback near support with acceptable close-confirmed risk profile,,stop_hit_before_tp1
86e20e60a21821dfd5491e4a1217ea657944b9d8,1774840559999,1774950839999,1774840559999,1774950839999,MEXC_FUT:SOLUSDT,pullback_retest,LONG,CANDIDATE,ACTIVE,ACTIVATED_STOPPED,STOPPED,POST_BREAKOUT_PULLBACK,HEALTHY,TIGHT,OK,90.0,A,82.0,1774948679999,82.0,82.0,81.5,83.0,83.5,81.5,0,,,-0.6097560975609756,-1.0,-1.0,OK,1838,BULLISH,BULLISH_REGIME,BEARISH_PULLBACK,0,2,Bullish pullback near support with acceptable close-confirmed risk profile,,stop_hit_before_tp1
384267d4bd1b42745ea322622884c315b14665de,1774867139999,1774950839999,1774867139999,1774950839999,SOLUSDT,pullback_retest,LONG,CANDIDATE,ACTIVE,ACTIVATED_STOPPED,STOPPED,POST_BREAKOUT_PULLBACK,HEALTHY,TIGHT,OK,90.0,A,82.0,1774948739999,82.0,82.0,81.5,83.0,83.5,81.5,0,,,-0.6097560975609756,-1.0,-1.0,OK,1395,BULLISH,BULLISH_REGIME,BEARISH_PULLBACK,0,2,Bullish pullback near support with acceptable close-confirmed risk profile,,stop_hit_before_tp1
32dee6a89b5fff44dedc625578e1c1c7d62723e7,1774975619999,1775015099999,1774975619999,1775015099999,MEXC_FUT:ENAUSDT,pullback_retest,LONG,CANDIDATE,ACTIVE,ACTIVATED_TP2,TP2,POST_BREAKOUT_PULLBACK,HEALTHY,NORMAL,OK,80.0,A,0.08975,1775008379999,0.08975,0.08975,0.08925,0.09075,0.09125,0.09125,1,1775012939999.0,0.0905,1.6713091922005585,3.0,3.0,OK,658,BULLISH,BULLISH_REGIME,BEARISH_PULLBACK,0,2,Bullish pullback near support with acceptable close-confirmed risk profile,,tp2_hit_after_tp1
1dede5387e868bf8219a63fd37eba17558ebd400,1775063759999,1775091839999,1775063759999,1775091839999,MEXC_FUT:ENAUSDT,pullback_retest,LONG,CANDIDATE,ACTIVE,ACTIVATED_TP1_PARTIAL_THEN_BE,TP1_PARTIAL_THEN_BE,POST_BREAKOUT_PULLBACK,HEALTHY,NORMAL,OK,80.0,A,0.08975,1775083859999,0.08975,0.08975,0.08925,0.09075,0.09125,0.08976795,1,1775090459999.0,0.0905,0.020000000000002995,0.03590000000000534,1.0,OK,468,BULLISH,BULLISH_REGIME,BEARISH_PULLBACK,0,2,Bullish pullback near support with acceptable close-confirmed risk profile,,tp1_partial_then_breakeven
36b8bf88df92ebb8b76f7acf29edac368b70ab9b,1774979819999,1775091959999,1774979819999,1775091959999,MEXC_FUT:SOLUSDT,pullback_retest,LONG,CANDIDATE,ACTIVE,ACTIVATED_TP1_PARTIAL_THEN_BE,TP1_PARTIAL_THEN_BE,POST_BREAKOUT_PULLBACK,HEALTHY,TIGHT,OK,90.0,A,80.75,1775082719999,80.75,80.75,80.25,81.75,82.25,80.76615,1,1775090519999.0,81.5,0.019999999999995185,0.032299999999992224,1.0,OK,1869,BULLISH,BULLISH_REGIME,BEARISH_PULLBACK,0,2,Bullish pullback near support with acceptable close-confirmed risk profile,,tp1_partial_then_breakeven
ecbf38444aef4a9bb3ab067bdd0267b2bd09b0d2,1774979099999,1775092559999,1774979099999,1775092559999,SOLUSDT,pullback_retest,LONG,CANDIDATE,ACTIVE,ACTIVATED_TP1_PARTIAL_THEN_BE,TP1_PARTIAL_THEN_BE,POST_BREAKOUT_PULLBACK,HEALTHY,TIGHT,OK,90.0,A,80.75,1775091959999,80.75,80.75,80.25,81.75,82.25,80.76615,1,1775092319999.0,81.5,0.019999999999995185,0.032299999999992224,1.0,OK,1891,BULLISH,BULLISH_REGIME,BEARISH_PULLBACK,0,2,Bullish pullback near support with acceptable close-confirmed risk profile,,tp1_partial_then_breakeven
9b306e7a34ad57df19213f693445d6fd25918bfb,1775040959999,1775092739999,1775040959999,1775092739999,BNBUSDT,pullback_retest,LONG,CANDIDATE,ACTIVE,ACTIVATED_STOPPED,STOPPED,POST_BREAKOUT_PULLBACK,HEALTHY,TIGHT,OK,100.0,A,610.0,1775081999999,610.0,610.0,606.0,618.0,622.0,606.0,0,,,-0.6557377049180327,-1.0,-1.0,OK,863,BULLISH,BULLISH_REGIME,BEARISH_PULLBACK,0,2,Bullish pullback near support with acceptable close-confirmed risk profile,,stop_hit_before_tp1
24c3789e5ec61f16ad70efb604dec2c8f599f115,1774978679999,1775097899999,1774978679999,1775097899999,MEXC_FUT:SUIUSDT,pullback_retest,LONG,CANDIDATE,ACTIVE,ACTIVATED_STOPPED,STOPPED,POST_BREAKOUT_PULLBACK,HEALTHY,TIGHT,OK,90.0,A,0.8624999999999999,1775096459999,0.8624999999999999,0.8624999999999999,0.8575,0.8724999999999997,0.8774999999999996,0.8575,0,,,-0.5797101449275239,-1.0,-1.0,OK,1987,BULLISH,BULLISH_REGIME,BEARISH_PULLBACK,0,2,Bullish pullback near support with acceptable close-confirmed risk profile,,stop_hit_before_tp1
c454831998a22e1597690edaaa4ffeb86580ff1a,1774996379999,1775101319999,1774996379999,1775101319999,XRPUSDT,pullback_retest,LONG,CANDIDATE,ACTIVE,ACTIVATED_STOPPED,STOPPED,POST_BREAKOUT_PULLBACK,HEALTHY,TIGHT,OK,100.0,A,1.32,1775096459999,1.32,1.32,1.3100000000000003,1.3399999999999996,1.3499999999999994,1.3100000000000003,0,,,-0.7575757575757414,-1.0,-1.0,OK,1749,BULLISH,BULLISH_REGIME,BEARISH_PULLBACK,0,2,Bullish pullback near support with acceptable close-confirmed risk profile,,stop_hit_before_tp1
8d2b19bd090f4d404e0e24886c6da6665ffcc015,1774971059999,1775106539999,1774971059999,1775106539999,ETHUSDT,pullback_retest,LONG,CANDIDATE,ACTIVE,ACTIVATED_STOPPED,STOPPED,POST_BREAKOUT_PULLBACK,HEALTHY,TIGHT,OK,100.0,A,2050.0,1775101379999,2050.0,2050.0,2040.0,2070.0,2080.0,2040.0,0,,,-0.4878048780487805,-1.0,-1.0,OK,2258,BULLISH,BULLISH_REGIME,BEARISH_PULLBACK,0,2,Bullish pullback near support with acceptable close-confirmed risk profile,,stop_hit_before_tp1
024b4d1c18c173d862369d5b2f98ebda0f16812a,1774972739999,1775106539999,1774972739999,1775106539999,MEXC_FUT:ETHUSDT,pullback_retest,LONG,CANDIDATE,ACTIVE,ACTIVATED_STOPPED,STOPPED,POST_BREAKOUT_PULLBACK,HEALTHY,TIGHT,OK,100.0,A,2050.0,1775101379999,2050.0,2050.0,2040.0,2070.0,2080.0,2040.0,0,,,-0.4878048780487805,-1.0,-1.0,OK,2230,BULLISH,BULLISH_REGIME,BEARISH_PULLBACK,0,2,Bullish pullback near support with acceptable close-confirmed risk profile,,stop_hit_before_tp1
2c052f111574e1dcc66ab89476243a5978c8118b,1774830299999,1775136839999,1774830299999,1775136839999,MEXC_FUT:BTCUSDT,pullback_retest,LONG,CANDIDATE,ACTIVE,ACTIVATED_TP1_PARTIAL_THEN_BE,TP1_PARTIAL_THEN_BE,POST_BREAKOUT_PULLBACK,HEALTHY,TIGHT,OK,90.0,A,65900.0,1775135999999,65900.0,65900.0,65700.0,66300.0,66500.0,65913.18,1,1775136659999.0,66200.0,0.0199999999999894,0.06589999999996507,1.0,OK,5109,BULLISH,BULLISH_REGIME,BEARISH_PULLBACK,0,2,Bullish pullback near support with acceptable close-confirmed risk profile,,tp1_partial_then_breakeven
c154515e2c907e1f09925b37542d6088723ee983,1774830359999,1775136959999,1774830359999,1775136959999,BTCUSDT,pullback_retest,LONG,CANDIDATE,ACTIVE,ACTIVATED_STOPPED,STOPPED,POST_BREAKOUT_PULLBACK,HEALTHY,TIGHT,OK,90.0,A,66000.0,1775132519999,66000.0,66000.0,65800.0,66400.0,66600.0,65800.0,0,,,-0.30303030303030304,-1.0,-1.0,OK,5110,BULLISH,BULLISH_REGIME,BEARISH_PULLBACK,0,2,Bullish pullback near support with acceptable close-confirmed risk profile,,stop_hit_before_tp1
b3e5edde37b801039f78550f8bf456a8057b1514,1775151539999,1775152319999,1775151539999,1775152319999,BTCUSDT,pullback_retest,LONG,CANDIDATE,ACTIVE,ACTIVATED_STOPPED,STOPPED,POST_BREAKOUT_PULLBACK,HEALTHY,TIGHT,OK,100.0,A,67000.0,1775151659999,67000.0,67000.0,66800.0,67400.0,67600.0,66800.0,0,,,-0.2985074626865672,-1.0,-1.0,OK,13,BULLISH,BULLISH_REGIME,BEARISH_PULLBACK,0,2,Bullish pullback near support with acceptable close-confirmed risk profile,,stop_hit_before_tp1
808e685746b1a69d11727b569131ce2c7741048e,1775151539999,1775152739999,1775151539999,1775152739999,MEXC_FUT:SUIUSDT,pullback_retest,LONG,CANDIDATE,ACTIVE,ACTIVATED_STOPPED,STOPPED,POST_BREAKOUT_PULLBACK,HEALTHY,TIGHT,OK,100.0,A,0.8574999999999999,1775152079999,0.8574999999999999,0.8574999999999999,0.8525,0.8674999999999997,0.8724999999999996,0.8525,0,,,-0.583090379008734,-1.0,-1.0,OK,20,BULLISH,BULLISH_REGIME,BEARISH_PULLBACK,0,2,Bullish pullback near support with acceptable close-confirmed risk profile,,stop_hit_before_tp1
d43b37f74b4de96d8b02ff7f07460e9112a5d2cc,1775152079999,1775152739999,1775152079999,1775152739999,ETHUSDT,pullback_retest,LONG,CANDIDATE,ACTIVE,ACTIVATED_STOPPED,STOPPED,POST_BREAKOUT_PULLBACK,HEALTHY,TIGHT,OK,100.0,A,2055.0,1775152139999,2055.0,2055.0,2045.0,2075.0,2085.0,2045.0,0,,,-0.48661800486618007,-1.0,-1.0,OK,11,BULLISH,BULLISH_REGIME,BEARISH_PULLBACK,0,2,Bullish pullback near support with acceptable close-confirmed risk profile,,stop_hit_before_tp1
3297ec8455995e514b003bd00ec7c41d77b26e33,1775152499999,1775201759999,1775152499999,1775201759999,MEXC_FUT:SOLUSDT,pullback_retest,LONG,CANDIDATE,ACTIVE,ACTIVATED_TP2,TP2,POST_BREAKOUT_PULLBACK,HEALTHY,TIGHT,OK,100.0,A,78.75,1775152559999,78.75,78.75,78.25,79.75,80.25,80.25,1,1775179439999.0,79.5,1.9047619047619049,3.0,3.0,OK,821,BULLISH,BULLISH_REGIME,BEARISH_PULLBACK,0,2,Bullish pullback near support with acceptable close-confirmed risk profile,,tp2_hit_after_tp1
b6f8bbba0f356383ae815d1ecb82f39c11fce7bb,1775152679999,1775214059999,1775152679999,1775214059999,SOLUSDT,pullback_retest,LONG,CANDIDATE,ACTIVE,ACTIVATED_TP2,TP2,POST_BREAKOUT_PULLBACK,HEALTHY,TIGHT,OK,100.0,A,78.75,1775152739999,78.75,78.75,78.25,79.75,80.25,80.25,1,1775179439999.0,79.5,1.9047619047619049,3.0,3.0,OK,1023,BULLISH,BULLISH_REGIME,BEARISH_PULLBACK,0,2,Bullish pullback near support with acceptable close-confirmed risk profile,,tp2_hit_after_tp1
28efa31c69b35853f81ae076d54c57e70bed7d6e,1775151239999,1775257679999,1775151239999,1775257679999,MEXC_FUT:ENAUSDT,pullback_retest,LONG,CANDIDATE,ACTIVE,ACTIVATED_STOPPED,STOPPED,POST_BREAKOUT_PULLBACK,HEALTHY,NORMAL,OK,80.0,A,0.07925,1775255339999,0.07925,0.07925,0.07875,0.08025,0.08075,0.07875,0,,,-0.6309148264984233,-1.0,-1.0,OK,1774,BULLISH,BULLISH_REGIME,BEARISH_PULLBACK,0,2,Bullish pullback near support with acceptable close-confirmed risk profile,,stop_hit_before_tp1
25c48f30c358d4f93c12d2ee2dce563c931dc6c0,1775220599999,1775315099999,1775220599999,1775315099999,SOLUSDT,pullback_retest,LONG,CANDIDATE,ACTIVE,ACTIVATED_TP2,TP2,POST_BREAKOUT_PULLBACK,HEALTHY,TIGHT,OK,100.0,A,79.25,1775221499999,79.25,79.25,78.75,80.25,80.75,80.75,1,1775226419999.0,80.0,1.8927444794952681,3.0,3.0,OK,1575,BULLISH,BULLISH_REGIME,BEARISH_PULLBACK,0,2,Bullish pullback near support with acceptable close-confirmed risk profile,,tp2_hit_after_tp1
e00367adf93f812217d40b1af01b0d903daae012,1775212259999,1775330159999,1775212259999,1775330159999,ETHUSDT,pullback_retest,LONG,CANDIDATE,ACTIVE,ACTIVATED_TP2,TP2,POST_BREAKOUT_PULLBACK,HEALTHY,TIGHT,OK,100.0,A,2050.0,1775220719999,2050.0,2050.0,2040.0,2070.0,2080.0,2080.0,1,1775329739999.0,2065.0,1.4634146341463417,3.0,3.0,OK,1965,BULLISH,BULLISH_REGIME,BEARISH_PULLBACK,0,2,Bullish pullback near support with acceptable close-confirmed risk profile,,tp2_hit_after_tp1
33bd27ef87dcf11250ff45513cae4e88456aa33f,1775312219999,1775354939999,1775312219999,1775354939999,MEXC_FUT:ENAUSDT,pullback_retest,LONG,CANDIDATE,ACTIVE,ACTIVATED_STOPPED,STOPPED,POST_BREAKOUT_PULLBACK,HEALTHY,NORMAL,OK,90.0,A,0.07975,1775345519999,0.07975,0.07975,0.07925,0.08075,0.08125,0.07925,0,,,-0.6269592476489034,-1.0,-1.0,OK,712,BULLISH,BULLISH_REGIME,BEARISH_PULLBACK,0,2,Bullish pullback near support with acceptable close-confirmed risk profile,,stop_hit_before_tp1
0252848ccbde18ca8e35325e6345e35cfc65a129,1775221679999,1775368619999,1775221679999,1775368619999,MEXC_FUT:SUIUSDT,pullback_retest,LONG,CANDIDATE,ACTIVE,ACTIVATED_STOPPED,STOPPED,POST_BREAKOUT_PULLBACK,HEALTHY,TIGHT,OK,90.0,A,0.86,1775366459999,0.86,0.86,0.8550000000000001,0.8699999999999998,0.8749999999999997,0.8550000000000001,0,,,-0.5813953488371969,-1.0,-1.0,OK,2449,BULLISH,BULLISH_REGIME,BEARISH_PULLBACK,0,2,Bullish pullback near support with acceptable close-confirmed risk profile,,stop_hit_before_tp1
8bb33dbae047593fe3800f1dd76402156cc34147,1775298239999,1775368679999,1775298239999,1775368679999,XRPUSDT,pullback_retest,LONG,CANDIDATE,ACTIVE,ACTIVATED_STOPPED,STOPPED,POST_BREAKOUT_PULLBACK,HEALTHY,TIGHT,OK,100.0,A,1.3099999999999998,1775298299999,1.3099999999999998,1.3099999999999998,1.3,1.3299999999999994,1.3399999999999992,1.3,0,,,-0.763358778625938,-1.0,-1.0,OK,1174,BULLISH,BULLISH_REGIME,BEARISH_PULLBACK,0,2,Bullish pullback near support with acceptable close-confirmed risk profile,,stop_hit_before_tp1
c1f0a982706ea8eb0bc2424228ee8af109199ed2,1775351279999,1775369399999,1775351279999,1775369399999,ETHUSDT,pullback_retest,LONG,CANDIDATE,ACTIVE,ACTIVATED_STOPPED,STOPPED,POST_BREAKOUT_PULLBACK,HEALTHY,TIGHT,OK,100.0,A,2050.0,1775368319999,2050.0,2050.0,2040.0,2070.0,2080.0,2040.0,0,,,-0.4878048780487805,-1.0,-1.0,OK,302,BULLISH,BULLISH_REGIME,BEARISH_PULLBACK,0,2,Bullish pullback near support with acceptable close-confirmed risk profile,,stop_hit_before_tp1
d1f271418c0420d1c9396f9ee422bf60c5ffaf55,1775354339999,1775369879999,1775354339999,1775369879999,SOLUSDT,pullback_retest,LONG,CANDIDATE,ACTIVE,ACTIVATED_STOPPED,STOPPED,POST_BREAKOUT_PULLBACK,HEALTHY,TIGHT,OK,100.0,A,80.0,1775369399999,80.0,80.0,79.5,81.0,81.5,79.5,0,,,-0.625,-1.0,-1.0,OK,259,BULLISH,BULLISH_REGIME,BEARISH_PULLBACK,0,2,Bullish pullback near support with acceptable close-confirmed risk profile,,stop_hit_before_tp1
315a139f40b14fd62ec6cfd9f7db03b52f951973,1775143379999,1775402819999,1775143379999,1775402819999,MEXC_FUT:ETHUSDT,pullback_retest,LONG,CANDIDATE,ACTIVE,ACTIVATED_TP2,TP2,POST_BREAKOUT_PULLBACK,HEALTHY,TIGHT,OK,90.0,A,2025.0,1775392799999,2025.0,2025.0,2015.0,2045.0,2055.0,2055.0,1,1775397719999.0,2040.0,1.4814814814814816,3.0,3.0,OK,4324,BULLISH,BULLISH_REGIME,BEARISH_PULLBACK,0,2,Bullish pullback near support with acceptable close-confirmed risk profile,,tp2_hit_after_tp1
d161baf3fc7db3b199e965f9673a793cb133c6e4,1775395799999,1775403059999,1775395799999,1775403059999,BNBUSDT,pullback_retest,SHORT,CANDIDATE,ACTIVE,ACTIVATED_STOPPED,STOPPED,POST_BREAKOUT_PULLBACK,HEALTHY,NORMAL,OK,90.0,A,588.0,1775395979999,588.0,588.0,596.0,572.0,564.0,596.0,0,,,-1.3605442176870748,-1.0,-1.0,OK,121,BULLISH,BULLISH_REGIME,BEARISH_PULLBACK,0,2,Failed bullish move / reversal short near resistance with acceptable risk profile,,stop_hit_before_tp1
d870a79281fadad248c2d88e5c2ab135a8c103e8,1775220599999,1775403119999,1775220599999,1775403119999,MEXC_FUT:SOLUSDT,pullback_retest,LONG,CANDIDATE,ACTIVE,ACTIVATED_TP2,TP2,POST_BREAKOUT_PULLBACK,HEALTHY,TIGHT,OK,100.0,A,78.75,1775395679999,78.75,78.75,78.25,79.75,80.25,80.25,1,1775402819999.0,79.5,1.9047619047619049,3.0,3.0,OK,3042,BULLISH,BULLISH_REGIME,BEARISH_PULLBACK,0,2,Bullish pullback near support with acceptable close-confirmed risk profile,,tp2_hit_after_tp1
cd7f02d30b385a70767a86a31abe19a5c574bb38,1775455439999,1775467139999,1775455439999,1775467139999,MEXC_FUT:SOLUSDT,pullback_retest,SHORT,CANDIDATE,ACTIVE,ACTIVATED_STOPPED,STOPPED,POST_BREAKOUT_PULLBACK,HEALTHY,NORMAL,OK,90.0,A,81.75,1775455499999,81.75,81.75,82.75,79.75,78.75,82.75,0,,,-1.2232415902140672,-1.0,-1.0,OK,195,BULLISH,BULLISH_REGIME,BEARISH_PULLBACK,0,2,Failed bullish move / reversal short near resistance with acceptable risk profile,,stop_hit_before_tp1
3d112ff1398e7b874aeaed57ada1a7b332fa0fd8,1775456519999,1775467199999,1775456519999,1775467199999,SOLUSDT,pullback_retest,SHORT,CANDIDATE,ACTIVE,ACTIVATED_STOPPED,STOPPED,POST_BREAKOUT_PULLBACK,HEALTHY,NORMAL,OK,90.0,A,81.75,1775460299999,81.75,81.75,82.75,79.75,78.75,82.75,0,,,-1.2232415902140672,-1.0,-1.0,OK,178,BULLISH,BULLISH_REGIME,BEARISH_PULLBACK,0,2,Failed bullish move / reversal short near resistance with acceptable risk profile,,stop_hit_before_tp1
40a7b957b4738b61204768b7031e7ac691e4b10d,1775486339999,1775514839999,1775486339999,1775514839999,MEXC_FUT:SOLUSDT,pullback_retest,LONG,CANDIDATE,ACTIVE,ACTIVATED_STOPPED,STOPPED,POST_BREAKOUT_PULLBACK,HEALTHY,TIGHT,OK,100.0,A,81.5,1775494919999,81.5,81.5,81.0,82.5,83.0,81.0,0,,,-0.6134969325153374,-1.0,-1.0,OK,475,BULLISH,BULLISH_REGIME,BEARISH_PULLBACK,0,2,Bullish pullback near support with acceptable close-confirmed risk profile,,stop_hit_before_tp1
bf0bde7f10f07ff3e5c3ad196c5a3933be6705ff,1775486399999,1775514839999,1775486399999,1775514839999,SOLUSDT,pullback_retest,LONG,CANDIDATE,ACTIVE,ACTIVATED_STOPPED,STOPPED,POST_BREAKOUT_PULLBACK,HEALTHY,TIGHT,OK,100.0,A,81.5,1775494919999,81.5,81.5,81.0,82.5,83.0,81.0,0,,,-0.6134969325153374,-1.0,-1.0,OK,474,BULLISH,BULLISH_REGIME,BEARISH_PULLBACK,0,2,Bullish pullback near support with acceptable close-confirmed risk profile,,stop_hit_before_tp1
2b7ffb1c23690996a919eb0602b499aaadb9becf,1775445839999,1775516519999,1775445839999,1775516519999,MEXC_FUT:SUIUSDT,pullback_retest,LONG,CANDIDATE,ACTIVE,ACTIVATED_STOPPED,STOPPED,POST_BREAKOUT_PULLBACK,HEALTHY,TIGHT,OK,100.0,A,0.8775,1775516399999,0.8775,0.8775,0.8725,0.8874999999999997,0.8924999999999996,0.8725,0,,,-0.5698005698005577,-1.0,-1.0,OK,1178,BULLISH,BULLISH_REGIME,BEARISH_PULLBACK,0,2,Bullish pullback near support with acceptable close-confirmed risk profile,,stop_hit_before_tp1
eace2c65f2cee8f9f18609d06f21038096bf3788,1775578679999,1775583479999,1775578679999,1775583479999,MEXC_FUT:SUIUSDT,pullback_retest,LONG,CANDIDATE,ACTIVE,ACTIVATED_TP2,TP2,POST_BREAKOUT_PULLBACK,HEALTHY,TIGHT,OK,100.0,A,0.865,1775578739999,0.865,0.865,0.8600000000000001,0.8749999999999998,0.8799999999999997,0.8799999999999997,1,1775583359999.0,0.8724999999999998,1.7341040462427375,3.0,3.0,OK,80,BULLISH,BULLISH_REGIME,BEARISH_PULLBACK,0,2,Bullish pullback near support with acceptable close-confirmed risk profile,,tp2_hit_after_tp1
d23f195b4b564212c89dc6bca80feaffbaa2fb85,1775615999999,1775629979999,1775615999999,1775629979999,MEXC_FUT:SUIUSDT,pullback_retest,LONG,CANDIDATE,ACTIVE,ACTIVATED_STOPPED,STOPPED,POST_BREAKOUT_PULLBACK,HEALTHY,TIGHT,OK,90.0,A,0.9575000000000002,1775628479999,0.9575000000000002,0.9575000000000002,0.9525000000000003,0.9675,0.9724999999999999,0.9525000000000003,0,,,-0.5221932114882394,-1.0,-1.0,OK,233,BULLISH,BULLISH_REGIME,BEARISH_PULLBACK,0,2,Bullish pullback near support with acceptable close-confirmed risk profile,,stop_hit_before_tp1
7999a2c989da8aa5f6aeaf828ba630c58d436aa9,1775657399999,1775658839999,1775657399999,1775658839999,XRPUSDT,pullback_retest,LONG,CANDIDATE,ACTIVE,ACTIVATED_STOPPED,STOPPED,POST_BREAKOUT_PULLBACK,HEALTHY,TIGHT,OK,100.0,A,1.37,1775657459999,1.37,1.37,1.3600000000000003,1.3899999999999997,1.3999999999999995,1.3600000000000003,0,,,-0.7299270072992544,-1.0,-1.0,OK,24,BULLISH,BULLISH_REGIME,BEARISH_PULLBACK,0,2,Bullish pullback near support with acceptable close-confirmed risk profile,,stop_hit_before_tp1
